NOMBRES;NOTA1;NOTA2;PROMEDIO;SUPLE;ESTADO;
Est 1;4;9;6.5;0.0;APROBADO;
Est 2;7;5;6.0;7.447347645060766;APROBADO;
Est 3;3;4;3.5;8.45968656937081;APROBADO;
Est 4;3;6;4.5;0.7628105773696792;REPROBADO;
Est 5;8;8;8.0;0.0;APROBADO;
Est 6;9;3;6.0;8.533626905107049;APROBADO;
Est 7;1;3;2.0;3.8109631370709485;REPROBADO;
Est 8;7;2;4.5;2.725469222446637;REPROBADO;
Est 9;8;10;9.0;0.0;APROBADO;
Est 10;7;1;4.0;4.91790756953978;REPROBADO;
